Annual Distance (miles/vehicle),2020.0
LDVs,14807.757722321
HDVs,13652.191856629
aircraft,1649731.682073117
rail,17789.666666667
ships,253.034880484
motorbikes,2517.305769759
