Annual Distance (miles/vehicle),2020.0
LDVs,12919.126243248
HDVs,50161.883225176
aircraft,1288214.334483374
rail,26762.57631742
ships,0.0
motorbikes,0.0
