Annual Distance (miles/vehicle),2020.0
LDVs,14713.806675465
HDVs,24037.8747032
aircraft,212872.270861335
rail,0.0
ships,268.884560573
motorbikes,2900.904047829
