Annual Distance (miles/vehicle),2020.0
LDVs,13224.223424191
HDVs,48427.375192656
aircraft,1576704.292115546
rail,26790.050330276
ships,0.0
motorbikes,0.0
