Annual Distance (miles/vehicle),2020.0
LDVs,14653.434180707
HDVs,24152.815208013
aircraft,1622217.588280006
rail,17789.666666667
ships,268.018956542
motorbikes,2888.327500303
