Annual Distance (miles/vehicle),2020.0
LDVs,13279.293684781
HDVs,48196.803451668
aircraft,206899.916807947
rail,26662.153470258
ships,0.0
motorbikes,0.0
