solar pv,Hour0,Hour1,Hour2,Hour3,Hour4,Hour5,Hour6,Hour7,Hour8,Hour9,Hour10,Hour11,Hour12,Hour13,Hour14,Hour15,Hour16,Hour17,Hour18,Hour19,Hour20,Hour21,Hour22,Hour23
Winter,0,0,0,0,0.0,0.0,0.008752356785415576,0.23878028380658056,0.44203229327625077,0.47037892856636554,0.46758622644986597,0.4665627082122454,0.4791936604244342,0.4924001644433734,0.48190414085425504,0.3346932989325358,0.0646035638848329,0.0,0.0,0,0,0,0,0
Spring,0,0,0,0,0.00018783402560213213,0.0765016089933514,0.3249812165974398,0.5491770743255694,0.6490197190286499,0.690311308317149,0.706904495258077,0.7109943153626972,0.7168951389971788,0.7075495102139181,0.6886952268893265,0.631746076749692,0.4547922484796075,0.1353007470832565,0.00018074594916431578,0,0,0,0,0
Summer,0,0,0,0,0.0005246806006843335,0.15207492438977768,0.44155995038020596,0.6028055421262307,0.6843708892211866,0.7236132504337985,0.738296811815807,0.7395560452574496,0.739998276049455,0.7266713887920732,0.6981250163962688,0.6440529327771721,0.5235337987999804,0.25749824794156556,0.010167560497547122,0,0,0,0,0
Fall,0,0,0,0,0.0,0.0020685563400984586,0.21790396981083668,0.5068069935377658,0.6050500569253878,0.630605012641178,0.6297016895882662,0.6268260221180522,0.6296749640541563,0.6261578837653075,0.6008969089247248,0.48915210570483253,0.20752911746941258,0.014549380769374676,0.0,0,0,0,0,0
Summer Peak,0,0,0,0,0.0003260515161395501,0.12748614281056406,0.37769807629605473,0.5153570264101728,0.5955004890772743,0.6234104988588197,0.6603847407890446,0.6815780893381155,0.7025105966742745,0.7163351809585915,0.7280078252363873,0.7001630257580699,0.5707205738506685,0.2838604499510923,0.009390283664819041,0,0,0,0,0
Winter Peak,0,0,0,0,0.0,0.0,0.0018258884903814801,0.23247473100749913,0.5025758069775025,0.5394848386044995,0.5216824258232801,0.5089012063906098,0.5178350179328334,0.5275513531137921,0.5104010433648516,0.29285947179654387,0.00013042060645582004,0.0,0.0,0,0,0,0,0
