pumped hydro,Hour0,Hour1,Hour2,Hour3,Hour4,Hour5,Hour6,Hour7,Hour8,Hour9,Hour10,Hour11,Hour12,Hour13,Hour14,Hour15,Hour16,Hour17,Hour18,Hour19,Hour20,Hour21,Hour22,Hour23
Winter,0,0,0,0,0,0.03977777777777779,0.03230555555555555,0.006888888888888889,0,0,0.0,0.0,0.0,0.0,0.0,0.0,0.03527777777777777,0.06755555555555556,0.09413888888888892,0.04541666666666667,0.014944444444444444,0.0027500000000000003,0.0,0
Spring,0,0,0,0,0,0.014963768115942027,0.0,0.0,0,0,0.0,0.0,0.026268115942028984,0.040724637681159415,0.058623188405797104,0.1330434782608696,0.2679710144927535,0.41402173913043444,0.5065217391304343,0.3894927536231881,0.11898550724637683,0.017971014492753623,0.008985507246376812,0
Summer,0,0,0,0,0,0.0,0.0,0.0,0,0,0.03358695652173913,0.1040217391304348,0.2477173913043478,0.38431159420289834,0.508043478260869,0.5552898550724632,0.6127898550724631,0.5600724637681154,0.7193115942028977,0.5975724637681155,0.209963768115942,0.0,0.0,0
Fall,0,0,0,0,0,0.0,0.0,0.0,0,0,0.0,0.0,0.01972677595628415,0.04065573770491804,0.05573770491803279,0.1084153005464481,0.20377049180327872,0.25896174863387983,0.3067213114754099,0.19207650273224047,0.0,0.0,0.0,0
Summer Peak,0,0,0,0,0,0.0,0.0,0.0,0,0,0.0,0.0,0.0,0.3766666666666667,0.8266666666666667,0.6666666666666666,0.8266666666666667,0.8266666666666667,0.08333333333333333,0.16666666666666666,0.0,0.0,0.0,0
Winter Peak,0,0,0,0,0,0.0,0.0,0.0,0,0,0.0,0.0,0.0,0.0,0.0,0.0,0.0,0.0,0.0,0.0,0.0,0.0,0.0,0
