solar pv,Hour0,Hour1,Hour2,Hour3,Hour4,Hour5,Hour6,Hour7,Hour8,Hour9,Hour10,Hour11,Hour12,Hour13,Hour14,Hour15,Hour16,Hour17,Hour18,Hour19,Hour20,Hour21,Hour22,Hour23
Winter,0,0,0,0,0.0,0.0,0.00853521890430708,0.23285636569544468,0.43106588069770124,0.45870926217008917,0.4559858444115073,0.45498771871521493,0.46730530867915676,0.4801841715415675,0.46994854459510016,0.32638986757876326,0.06300080918482052,0.0,0.0,0,0,0,0,0
Spring,0,0,0,0,0.0001831740370619838,0.07460367479282985,0.31691873302848655,0.5355524987745448,0.6329181397577562,0.6731853228862315,0.689366848198009,0.6933552036464908,0.6991096333013621,0.6899958609290519,0.6716093349447166,0.6160730405758678,0.4435092732078514,0.13194406062104438,0.000176261809248324,0,0,0,0,0
Summer,0,0,0,0,0.0005116637599996424,0.14830208609475345,0.43060525619227036,0.5878504938635891,0.6673922800966764,0.7056610746035069,0.7199803504012109,0.7212083434252102,0.7216396028800671,0.7086433433760764,0.6808051800909527,0.6280745748818469,0.5105454092099287,0.251109954443253,0.009915312720564501,0,0,0,0,0
Fall,0,0,0,0,0.0,0.002017237369488053,0.21249797375172969,0.49423358052389804,0.5900393243254238,0.6149602852130787,0.6140793727700717,0.6112750479515073,0.6140533102717579,0.6106234854936625,0.5859892120874592,0.4770166941378024,0.20238051190631282,0.014188424082032237,0.0,0,0,0,0,0
Summer Peak,0,0,0,0,0.0,0.020985523642271044,0.10174799341707173,0.22352762303812948,0.3510305772888975,0.429885272187128,0.401586611518005,0.4041303113534318,0.4642252199653898,0.5688348756973167,0.6550027076223993,0.6193909099264242,0.5093758920442154,0.21367078617585067,0.0003179624794283492,0,0,0,0,0
Winter Peak,0,0,0,0,0.0,0.0,0.0,0.09030134415765116,0.33449652835862337,0.4092177110242854,0.4155769606128524,0.4095356735037138,0.3977710617648648,0.38473460010830257,0.37487776324602373,0.19141341261586622,0.0,0.0,0.0,0,0,0,0,0
