Unit: dimensionless (ratio of electricity demand in this hour to annual demand),Hour0,Hour1,Hour2,Hour3,Hour4,Hour5,Hour6,Hour7,Hour8,Hour9,Hour10,Hour11,Hour12,Hour13,Hour14,Hour15,Hour16,Hour17,Hour18,Hour19,Hour20,Hour21,Hour22,Hour23
Winter,0.06893849942906355,0.06893849942906355,0.06893849942906355,0.06893849942906355,0.06893849942906355,0.11319344662727321,0.1169292538582909,0.07855782493079333,0.06893849942906355,0.07374816217992844,0.07374816217992844,0.07374816217992844,0.07374816217992844,0.07374816217992844,0.07374816217992844,0.09298681318338801,0.4103338063866814,0.5310744911041483,0.5043642256386534,0.32292801696137236,0.12825767335639723,0.07214494126297348,0.06733527851210859,0.06893849942906355
Spring,0.0,0.0,0.0,0.0,0.0,0.0,0.0,0.0,0.0,0.0,0.0,0.0,0.0,0.0,0.0,0.0,0.0,0.004182315435534693,0.004182315435534693,0.0,0.0,0.0,0.0,0.0
Summer,0.029710221914694572,0.029710221914694572,0.029710221914694572,0.029710221914694572,0.029710221914694572,0.029710221914694572,0.029710221914694572,0.029710221914694572,0.029710221914694572,0.029710221914694572,0.04853064137460068,0.10290074203655171,0.3895274446916628,0.6348044626633742,0.8902610785819534,0.95,0.95,0.95,0.95,0.5412350187447846,0.10080958431878435,0.029710221914694572,0.029710221914694572,0.029710221914694572
Fall,0.0031538772136819,0.0031538772136819,0.0031538772136819,0.0031538772136819,0.0031538772136819,0.0031538772136819,0.0031538772136819,0.0031538772136819,0.0031538772136819,0.0031538772136819,0.0031538772136819,0.0031538772136819,0.0126155088547276,0.0283848949231371,0.0283848949231371,0.12924945864371862,0.2794156689970445,0.32633703094021765,0.29036497856907223,0.07884693034204752,0.0063077544273638,0.0063077544273638,0.0063077544273638,0.0031538772136819
Summer Peak,0.0,0.0,0.0,0.0,0.0,0.0,0.0,0.0,0.0,0.0,0.0,0.5771595301037877,0.95,0.95,0.95,0.95,0.95,0.95,0.95,0.5771595301037877,0.0,0.0,0.0,0.0
Winter Peak,0.0,0.0,0.0,0.0,0.0,0.0,0.0,0.0,0.0,0.0,0.0,0.0,0.0,0.0,0.0,0.0,0.0,0.0,0.0,0.0,0.0,0.0,0.0,0.0
