solar pv,Hour0,Hour1,Hour2,Hour3,Hour4,Hour5,Hour6,Hour7,Hour8,Hour9,Hour10,Hour11,Hour12,Hour13,Hour14,Hour15,Hour16,Hour17,Hour18,Hour19,Hour20,Hour21,Hour22,Hour23
Winter,0,0,0,0,0.0,0.0,0.008602316076942597,0.2346868991525845,0.43445458134366355,0.4623152733220476,0.45957044619675175,0.4585644740218972,0.4709788951824996,0.4839590015272998,0.47364291013862425,0.32895568780399087,0.06349607195633751,0.0,0.0,0,0,0,0,0
Spring,0,0,0,0,0.0001846140071582271,0.07519015016070736,0.31941009864896425,0.5397625909665008,0.6378936439789833,0.6784773760054081,0.6947861077321028,0.6988058164917369,0.7046054829430279,0.6954200652661178,0.6768889988872162,0.6209161218867347,0.44699579401106865,0.13298130096754024,0.00017764744085036944,0,0,0,0,0
Summer,0,0,0,0,0.0005156860577310703,0.14946792036150972,0.43399033577094576,0.5924717117272266,0.6726387928733624,0.7112084265198055,0.7256402691925934,0.7268779157311481,0.7273125654083786,0.7142141395420097,0.6861571345295983,0.6330120028085707,0.5145589153477436,0.2530839832470455,0.009993259104459957,0,0,0,0,0
Fall,0,0,0,0,0.0,0.0020330953018439595,0.21416846555626004,0.498118855904234,0.5946777490512418,0.6197946189171747,0.61890678143394,0.616080411221041,0.6188805140527791,0.6154237266920218,0.5905957980188572,0.4807666239094263,0.2039714681896473,0.01429996230392572,0.0,0,0,0,0,0
Summer Peak,0,0,0,0,0.0,0.02115049531065575,0.10254785605166424,0.22528482126349988,0.3537901033782417,0.43326469181828137,0.4047435693539123,0.4073072657552039,0.46787459323571806,0.5733066077388355,0.6601518233325886,0.6242600737145061,0.5133802043586441,0.2153504977084949,0.0003204620501614508,0,0,0,0,0
Winter Peak,0,0,0,0,0.0,0.0,0.0,0.09101122224585201,0.33712607676984624,0.4124346585577871,0.4188438995610161,0.4127551206079486,0.4008980247519749,0.3877590806953554,0.37782475714035046,0.19291815419719338,0.0,0.0,0.0,0,0,0,0,0
