Unit: dimensionless (ratio of electricity demand in this hour to annual demand),Hour0,Hour1,Hour2,Hour3,Hour4,Hour5,Hour6,Hour7,Hour8,Hour9,Hour10,Hour11,Hour12,Hour13,Hour14,Hour15,Hour16,Hour17,Hour18,Hour19,Hour20,Hour21,Hour22,Hour23
Winter,0,0,0,0,0.0,0.0,0.03268402154398565,0.2002902453620587,0.30685517654099354,0.3282764811490125,0.3282854578096947,0.3311879114302812,0.33676840215439846,0.4832286056253739,0.4526181926989826,0.27647815679233984,0.048040095751047285,0.002289048473967684,0.0,0,0,0,0,0
Spring,0,0,0,0,0.0004917648895480446,0.006736398407618453,0.2389782218406057,0.37026383576613847,0.42166497541175557,0.44657325735695896,0.44821637655140123,0.4541214581219264,0.4587151666536571,0.5809928967293729,0.5471860120209193,0.4818671454219031,0.3233549293575833,0.1613808445866833,0.0019748653500897668,0,0,0,0,0
Summer,0,0,0,0,0.0008274139411443289,0.00860588556709078,0.3023339317773788,0.3778276481149012,0.4315002732027163,0.44063695261884306,0.45518304581999863,0.4505464054328313,0.4433065334478182,0.5469284208882992,0.5264811490125674,0.47757395987822965,0.3756966669268596,0.2021036609164,0.016950277105612362,0,0,0,0,0
Fall,0,0,0,0,0.0,0.0,0.18158754451540754,0.3255731818583159,0.3886511463637166,0.4012243576537069,0.391723813167731,0.38903964446537365,0.39565588486328984,0.5219648585808048,0.482814845336551,0.35196750743149774,0.13528563439974103,0.050128027783500596,0.0,0,0,0,0,0
Summer Peak,0,0,0,0,0.0,0.000718132854578097,0.07145421903052064,0.04596050269299821,0.10771992818671454,0.1561938958707361,0.22980251346499103,0.3105924596050269,0.35152603231597845,0.45493716337522444,0.4014362657091562,0.48581687612208263,0.39712746858168757,0.20394973070017952,0.002872531418312388,0,0,0,0,0
Winter Peak,0,0,0,0,0.0,0.0,0.0,0.13680430879712746,0.12315978456014362,0.19892280071813284,0.22262118491921004,0.23662477558348297,0.21364452423698385,0.23985637342908436,0.19605026929982047,0.10125673249551166,0.0,0.0,0.0,0,0,0,0,0
