solar pv,Hour0,Hour1,Hour2,Hour3,Hour4,Hour5,Hour6,Hour7,Hour8,Hour9,Hour10,Hour11,Hour12,Hour13,Hour14,Hour15,Hour16,Hour17,Hour18,Hour19,Hour20,Hour21,Hour22,Hour23
Winter,0,0,0,0,0.0,0.0,0.008294773541865919,0.22629657691040028,0.41892233838409126,0.44578697909402804,0.4431402826448095,0.4421702751136746,0.4541408666682626,0.4666569195215218,0.4567096400748138,0.3171951496826006,0.061226015524767315,0.0,0.0,0,0,0,0,0
Spring,0,0,0,0,0.00017801384747282705,0.07250201719902725,0.3079908261427036,0.5204654674847985,0.6150882242962038,0.6542210419736741,0.6699467180843868,0.6738227177067199,0.6794150395188375,0.6705580109191047,0.6526894511350395,0.5987176678323824,0.43101518850562254,0.1282270689617003,0.00017129634379460713,0,0,0,0,0
Summer,0,0,0,0,0.0004972496975601848,0.1441242730542655,0.4184746901159894,0.5712901775268964,0.648591194796181,0.685781920390129,0.6996978083547059,0.7008912076288505,0.7013103180882228,0.6886801757701942,0.6616262404393659,0.610381107322235,0.4961628517926603,0.24403594442832266,0.009635988782005585,0,0,0,0,0
Fall,0,0,0,0,0.0,0.001960409843929025,0.20651170053605816,0.4803105430796336,0.5734173465199839,0.5976362598632001,0.5967801635747655,0.5940548392956088,0.5967548352822083,0.5934216319816784,0.5694813298565913,0.4635786730163325,0.1966792573653443,0.013788722468151944,0.0,0,0,0,0,0
Summer Peak,0,0,0,0,0.0,0.02039434116707558,0.09888165414339675,0.21723063394627473,0.34114170679471884,0.41777498875585123,0.39027352869721904,0.39274557005080396,0.45114754702924764,0.5528102476954274,0.6365506485481165,0.6019420695979277,0.49502628105538,0.20765147370113318,0.0003090051691981149,0,0,0,0,0
Winter Peak,0,0,0,0,0.0,0.0,0.0,0.08775746805226461,0.3250734379964168,0.39768965275797374,0.40386975614193604,0.39799865792717193,0.38656546666684166,0.373896254729719,0.36431709448457744,0.18602111185726514,0.0,0.0,0.0,0,0,0,0,0
