Unit: dimensionless (ratio of electricity demand in this hour to annual demand),Hour0,Hour1,Hour2,Hour3,Hour4,Hour5,Hour6,Hour7,Hour8,Hour9,Hour10,Hour11,Hour12,Hour13,Hour14,Hour15,Hour16,Hour17,Hour18,Hour19,Hour20,Hour21,Hour22,Hour23
Winter,0,0,0,0,0.0,0.0,0.008463753939789155,0.2385175524399522,0.4445549396804696,0.473258341484621,0.4698402347570915,0.46832681230301043,0.480803716987284,0.49386479730464083,0.48309151179219667,0.3329502228018695,0.06191718291490054,0.0,0.0,0,0,0,0,0
Spring,0,0,0,0,0.00018783402560213213,0.0765016089933514,0.3249812165974398,0.5491770743255694,0.6490197190286499,0.690311308317149,0.706904495258077,0.7109943153626972,0.7168951389971788,0.7075495102139181,0.6886952268893265,0.631746076749692,0.4547922484796075,0.1353007470832565,0.00018074594916431578,0,0,0,0,0
Summer,0,0,0,0,0.0005138855417416822,0.15073857756482048,0.43808919635389343,0.5980529054025318,0.6795409761698871,0.7181674487177672,0.7340624601295697,0.7364050693922682,0.7379609021703691,0.7261096383663405,0.6997490820941012,0.6471023943522208,0.5260982974440396,0.2589309763116486,0.0101253171914206,0,0,0,0,0
Fall,0,0,0,0,0.0,0.0020685563400984586,0.21790396981083668,0.5068069935377658,0.6050500569253878,0.630605012641178,0.6297016895882662,0.6268260221180522,0.6296749640541563,0.6261578837653075,0.6008969089247248,0.48915210570483253,0.20752911746941258,0.014549380769374676,0.0,0,0,0,0,0
Summer Peak,0,0,0,0,0.0,0.021519400065210303,0.10433648516465602,0.22921421584610369,0.3599608738180633,0.4408216498206716,0.4118030648842517,0.4144114770133681,0.47603521356374306,0.5833061623736551,0.6716661232474731,0.6351483534398435,0.5223345288555592,0.21910661884577765,0.0003260515161395501,0,0,0,0,0
Winter Peak,0,0,0,0,0.0,0.0,0.0,0.09259863058363221,0.3430061949788067,0.4196283012716009,0.4261493315943919,0.4199543527877405,0.4078904466905771,0.3945223345288556,0.38441473752852956,0.19628301271600915,0.0,0.0,0.0,0,0,0,0,0
