solar pv dist,Hour0,Hour1,Hour2,Hour3,Hour4,Hour5,Hour6,Hour7,Hour8,Hour9,Hour10,Hour11,Hour12,Hour13,Hour14,Hour15,Hour16,Hour17,Hour18,Hour19,Hour20,Hour21,Hour22,Hour23
Winter,0,0,0,0,0.0,0.0,0.03310904691280931,0.19931933494653037,0.30640543283116095,0.32741550230270855,0.32720006244633515,0.33039107017406916,0.33631098274919985,0.4831910077277339,0.4545874638982125,0.27897588010303637,0.05005073764733433,0.0023885723206619313,0.0,0,0,0,0,0
Spring,0,0,0,0,0.0004917648895480446,0.006736398407618453,0.2389782218406057,0.37026383576613847,0.42166497541175557,0.44657325735695896,0.44821637655140123,0.4541214581219264,0.4587151666536571,0.5809928967293729,0.5471860120209193,0.4818671454219031,0.3233549293575833,0.1613808445866833,0.0019748653500897668,0,0,0,0,0
Summer,0,0,0,0,0.0008378216636744463,0.008687756660269504,0.30743927856538517,0.3852246228770712,0.44023607585794167,0.445353804246889,0.4589818196826184,0.4542479209228421,0.4443096225675312,0.5467095895499288,0.5262015311913163,0.47442993045667464,0.37209599867929577,0.1998679295899627,0.01703295569450463,0,0,0,0,0
Fall,0,0,0,0,0.0,0.0,0.18158754451540754,0.3255731818583159,0.3886511463637166,0.4012243576537069,0.391723813167731,0.38903964446537365,0.39565588486328984,0.5219648585808048,0.482814845336551,0.35196750743149774,0.13528563439974103,0.050128027783500596,0.0,0,0,0,0,0
Summer Peak,0,0,0,0,0.0006463195691202873,0.00718132854578097,0.21350089766606822,0.24912028725314186,0.27949730700179537,0.35856373429084376,0.3890843806104129,0.38614003590664275,0.4258527827648115,0.5507360861759425,0.5313464991023338,0.5322800718132855,0.4383482944344704,0.2410053859964093,0.015511669658886892,0,0,0,0,0
Winter Peak,0,0,0,0,0.0,0.0,0.022908438061041293,0.22262118491921004,0.3171992818671454,0.34807899461400355,0.3532495511669659,0.34951526032315977,0.3472890484739677,0.48409335727109515,0.40732495511669664,0.21903052064631956,0.0017953321364452424,0.0,0.0,0,0,0,0,0
