Unit: dimensionless (ratio of electricity demand in this hour to annual demand),Hour0,Hour1,Hour2,Hour3,Hour4,Hour5,Hour6,Hour7,Hour8,Hour9,Hour10,Hour11,Hour12,Hour13,Hour14,Hour15,Hour16,Hour17,Hour18,Hour19,Hour20,Hour21,Hour22,Hour23
Winter,0.09673905671543652,0.09673905671543652,0.09673905671543652,0.09673905671543652,0.10055573482973133,0.12277322896552154,0.13550232192458206,0.1170297638332691,0.1062971501885604,0.10808045306688288,0.10881837149929219,0.10755776084392628,0.10719290117456835,0.10719290117456835,0.1088368194601024,0.13471315915658882,0.20465757768187404,0.22898633844372415,0.23345279473322386,0.21617730432115265,0.1694834657370306,0.1151562709243188,0.09808370808116013,0.09400055942182865
Spring,0.0,0.0,0.0,0.0,0.0,0.0,0.0,0.0,0.0,0.0,0.0,0.0,0.0,0.0,0.0,0.0,0.002141567624492223,0.004283135248984446,0.004283135248984446,0.0,0.0,0.0,0.0,0.0
Summer,0.0012940308742250138,0.0012940308742250138,0.0012940308742250138,0.0012940308742250138,0.0012940308742250138,0.0012940308742250138,0.0012940308742250138,0.0012940308742250138,0.0012940308742250138,0.0012940308742250138,0.006293695615548929,0.040582840165003076,0.06948731905187625,0.08377513101852596,0.09377446050117379,0.1210774425003181,0.13607376310678113,0.14051464178878062,0.13980078591394987,0.08591669864301818,0.02487266368370931,0.0012940308742250138,0.0012940308742250138,0.0012940308742250138
Fall,0.008617113060429976,0.008617113060429976,0.008617113060429976,0.008617113060429976,0.008617113060429976,0.012209929034619543,0.012209929034619543,0.008617113060429976,0.008617113060429976,0.008617113060429976,0.008617113060429976,0.008617113060429976,0.009693748150338634,0.017238258462020657,0.022625466252724654,0.022625466252724654,0.06535618553273237,0.07900969270288485,0.0725458498222722,0.04777114573089094,0.016875347757557065,0.014004320851133975,0.014004320851133975,0.014004320851133975
Summer Peak,0.0,0.0,0.0,0.0,0.0,0.0,0.0,0.0,0.0,0.0,0.0,0.328619675232944,0.328619675232944,0.328619675232944,0.328619675232944,0.328619675232944,0.328619675232944,0.328619675232944,0.328619675232944,0.328619675232944,0.0,0.0,0.0,0.0
Winter Peak,0.0,0.0,0.0,0.0,0.0,0.0,0.0,0.22678693156045987,0.2629449347485158,0.2629449347485158,0.2629449347485158,0.2629449347485158,0.2629449347485158,0.2629449347485158,0.2629449347485158,0.2629449347485158,0.328619675232944,0.328619675232944,0.328619675232944,0.328619675232944,0.328619675232944,0.0,0.0,0.0
